,GENE ID,LOCUS TAG,PRODUCT NAME,SCAFFOLD ID,GENE SEQ LENGTH,READS COUNT,COVERAGE, MEDIAN,READS COUNT ANTISENSE,COVERAGE ANTISENSE,MEDIAN ANTISENSE
2232,3300048830 assembled Ga0498909_025436_177_653,,formate dehydrogenase,Ga0498909_025436,477,117,1.22381509916145e-08,15.0,2,2.09199162249821e-10,0.0
82165,3300048830 assembled Ga0498909_019803_46_678,,formate dehydrogenase,Ga0498909_019803,633,162,1.27690806190306e-08,36.0,0,0.0,0.0
256455,3300048829 assembled Ga0498908_02230_181_1353,,formate dehydrogenase,Ga0498908_02230,1173,572,3.82745276832114e-08,53.0,0,0.0,0.0
276974,3300055391 assembled Ga0505482_07950_181_1353,,formate dehydrogenase,Ga0505482_07950,1173,4974,1.53779330156227e-07,572.0,0,0.0,0.0
345132,3300055431 assembled Ga0505481_03298_181_1353,,formate dehydrogenase,Ga0505481_03298,1173,1357,6.32773069515354e-08,121.0,0,0.0,0.0
