,GENE ID,LOCUS TAG,PRODUCT NAME,SCAFFOLD ID,GENE SEQ LENGTH,READS COUNT,COVERAGE, MEDIAN,READS COUNT ANTISENSE,COVERAGE ANTISENSE,MEDIAN ANTISENSE
1733,3300048829 assembled Ga0498908_49727_132_380,,nitrogen fixation protein NifB,Ga0498908_49727,249,9,2.83697158389968e-09,4.0,0,0.0,0.0
274401,3300048830 assembled Ga0498909_045883_3_503,,nitrogen fixation protein NifB,Ga0498909_045883,501,19,1.89218763220572e-09,5.0,0,0.0,0.0
295265,3300048830 assembled Ga0498909_131016_1_333,,nitrogen fixation protein NifB,Ga0498909_131016,333,6,8.98990994533015e-10,2.0,0,0.0,0.0
